"ID","ISDELETED","NAME","RECORDTYPEID","CREATEDDATE","CREATEDBYID","LASTMODIFIEDDATE","LASTMODIFIEDBYID","SYSTEMMODSTAMP","LASTVIEWEDDATE","LASTREFERENCEDDATE","FIRSTNAME__C","LASTNAME__C","DOB__C","AGE__C","SEX__C","EMAIL__C","MARRIED__C","WIFENAME__C","CLASS__C","GENERATE_PDF__C","STATUS"
"a007F00000hZivXQAS","false","ST-0029","","2018-05-28T08:02:02.000Z","0057F000003YycfQAC","2018-05-28T08:02:02.000Z","0057F000003YycfQAC","2018-05-28T08:02:02.000Z","2018-05-28T08:02:02.000Z","2018-05-28T08:02:02.000Z","","Male1","","","Male","","false","","a017F00000boP5RQAU","<a href=""/apex/StudentAsPdf?id=a007F00000hZivX"" target=""_blank"">Get PDF File</a>","Item Deleted"
"a007F00000hZivgQAC","false","ST-0038","","2018-05-28T08:02:02.000Z","0057F000003YycfQAC","2018-05-28T08:02:02.000Z","0057F000003YycfQAC","2018-05-28T08:02:02.000Z","2018-05-28T08:02:02.000Z","2018-05-28T08:02:02.000Z","","Male10","","","Male","","false","","a017F00000boP5RQAU","<a href=""/apex/StudentAsPdf?id=a007F00000hZivg"" target=""_blank"">Get PDF File</a>","Item Deleted"
"a007F00000hZivhQAC","false","ST-0039","","2018-05-28T08:02:02.000Z","0057F000003YycfQAC","2018-05-28T08:02:02.000Z","0057F000003YycfQAC","2018-05-28T08:02:02.000Z","2018-05-28T08:02:02.000Z","2018-05-28T08:02:02.000Z","","Male11","","","Male","","false","","a017F00000boP5RQAU","<a href=""/apex/StudentAsPdf?id=a007F00000hZivh"" target=""_blank"">Get PDF File</a>","Item Deleted"
"a007F00000hZiviQAC","false","ST-0040","","2018-05-28T08:02:02.000Z","0057F000003YycfQAC","2018-05-28T08:02:02.000Z","0057F000003YycfQAC","2018-05-28T08:02:02.000Z","2018-05-28T08:02:02.000Z","2018-05-28T08:02:02.000Z","","Male12","","","Male","","false","","a017F00000boP5RQAU","<a href=""/apex/StudentAsPdf?id=a007F00000hZivi"" target=""_blank"">Get PDF File</a>","Item Deleted"
"a007F00000hZivjQAC","false","ST-0041","","2018-05-28T08:02:02.000Z","0057F000003YycfQAC","2018-05-28T08:02:02.000Z","0057F000003YycfQAC","2018-05-28T08:02:02.000Z","2018-05-28T08:02:02.000Z","2018-05-28T08:02:02.000Z","","Male13","","","Male","","false","","a017F00000boP5RQAU","<a href=""/apex/StudentAsPdf?id=a007F00000hZivj"" target=""_blank"">Get PDF File</a>","Item Deleted"
"a007F00000hZivkQAC","false","ST-0042","","2018-05-28T08:02:02.000Z","0057F000003YycfQAC","2018-05-28T08:02:02.000Z","0057F000003YycfQAC","2018-05-28T08:02:02.000Z","2018-05-28T08:02:02.000Z","2018-05-28T08:02:02.000Z","","Male14","","","Male","","false","","a017F00000boP5RQAU","<a href=""/apex/StudentAsPdf?id=a007F00000hZivk"" target=""_blank"">Get PDF File</a>","Item Deleted"
"a007F00000hZivlQAC","false","ST-0043","","2018-05-28T08:02:02.000Z","0057F000003YycfQAC","2018-05-28T08:02:02.000Z","0057F000003YycfQAC","2018-05-28T08:02:02.000Z","2018-05-28T08:02:02.000Z","2018-05-28T08:02:02.000Z","","Male15","","","Male","","false","","a017F00000boP5RQAU","<a href=""/apex/StudentAsPdf?id=a007F00000hZivl"" target=""_blank"">Get PDF File</a>","Item Deleted"
"a007F00000hZivmQAC","false","ST-0044","","2018-05-28T08:02:02.000Z","0057F000003YycfQAC","2018-05-28T08:02:02.000Z","0057F000003YycfQAC","2018-05-28T08:02:02.000Z","2018-05-28T08:02:02.000Z","2018-05-28T08:02:02.000Z","","Male16","","","Male","","false","","a017F00000boP5RQAU","<a href=""/apex/StudentAsPdf?id=a007F00000hZivm"" target=""_blank"">Get PDF File</a>","Item Deleted"
"a007F00000hZivnQAC","false","ST-0045","","2018-05-28T08:02:02.000Z","0057F000003YycfQAC","2018-05-28T08:02:02.000Z","0057F000003YycfQAC","2018-05-28T08:02:02.000Z","2018-05-28T08:02:02.000Z","2018-05-28T08:02:02.000Z","","Male17","","","Male","","false","","a017F00000boP5RQAU","<a href=""/apex/StudentAsPdf?id=a007F00000hZivn"" target=""_blank"">Get PDF File</a>","Item Deleted"
"a007F00000hZivoQAC","false","ST-0046","","2018-05-28T08:02:02.000Z","0057F000003YycfQAC","2018-05-28T08:02:02.000Z","0057F000003YycfQAC","2018-05-28T08:02:02.000Z","2018-05-28T08:02:02.000Z","2018-05-28T08:02:02.000Z","","Male18","","","Male","","false","","a017F00000boP5RQAU","<a href=""/apex/StudentAsPdf?id=a007F00000hZivo"" target=""_blank"">Get PDF File</a>","Item Deleted"
"a007F00000hZivpQAC","false","ST-0047","","2018-05-28T08:02:02.000Z","0057F000003YycfQAC","2018-05-28T08:02:02.000Z","0057F000003YycfQAC","2018-05-28T08:02:02.000Z","2018-05-28T08:02:02.000Z","2018-05-28T08:02:02.000Z","","Male19","","","Male","","false","","a017F00000boP5RQAU","<a href=""/apex/StudentAsPdf?id=a007F00000hZivp"" target=""_blank"">Get PDF File</a>","Item Deleted"
