"ID","LASTNAME","FIRSTNAME","EXPERIENCE__C","SUBJECTS__C","STATUS"
"0037F00000eqxQ7QAI","Kumar","Ramesh","10.0","English","Item Updated"
"0037F00000eqxQ8QAI","Kumar","Mahesh","10.0","English;Science","Item Updated"
"0037F00000eqxQ9QAI","Kumar","Suresh","10.0","English","Item Updated"
"0037F00000eqxQAQAY","Kumar","Rakesh","10.0","English","Item Updated"
"0037F00000eqxQBQAY","Kumar","Raka","10.0","English","Item Updated"
"0037F00000eqxQCQAY","Kumar","Sabu","10.0","English","Item Updated"
"0037F00000eqyEMQAY","Kumar","Ramesh","10.0","English","Item Updated"
"0037F00000eqyENQAY","Kumar","Mahesh","10.0","English;Science","Item Updated"
"0037F00000eqyEOQAY","Kumar","Suresh","10.0","English","Item Updated"
"0037F00000eqyEPQAY","Kumar","Rakesh","10.0","English","Item Updated"
"0037F00000eqyEQQAY","Kumar","Raka","10.0","English","Item Updated"
"0037F00000eqyERQAY","Kumar","Sabu","10.0","English","Item Updated"
