"ID","NAME","FIRSTNAME__C","LASTNAME__C","DOB__C","AGE__C","SEX__C","EMAIL__C","MARRIED__C","WIFENAME__C","CLASS__C"
"a007F00000hZnx6QAC","ST-0128","P0","Fetch1","","","Male","","false","","a017F00000boPnzQAE"
"a007F00000hZnx7QAC","ST-0129","P1","Fetch2","","","Male","","false","","a017F00000boPnzQAE"
"a007F00000hZnx8QAC","ST-0130","P2","Fetch3","","","Male","","false","","a017F00000boPnzQAE"
"a007F00000hZnx9QAC","ST-0131","P3","Fetch4","","","Male","","false","","a017F00000boPnzQAE"
"a007F00000hZnxAQAS","ST-0132","P4","Fetch5","","","Male","","false","","a017F00000boPnzQAE"
"a007F00000hZnxBQAS","ST-0133","P5","Fetch6","","","Male","","false","","a017F00000boPnzQAE"
"a007F00000hZnxCQAS","ST-0134","P6","Fetch7","","","Male","","false","","a017F00000boPnzQAE"
"a007F00000hZnxDQAS","ST-0135","P7","Fetch8","","","Male","","false","","a017F00000boPnzQAE"
"a007F00000hZnxEQAS","ST-0136","P8","Fetch9","","","Male","","false","","a017F00000boPnzQAE"
"a007F00000hZnxFQAS","ST-0137","P9","Fetch10","","","Male","","false","","a017F00000boPnzQAE"
"a007F00000hZnxGQAS","ST-0138","P10","Fetch11","","","Male","","false","","a017F00000boPnzQAE"
"a007F00000hZnxHQAS","ST-0139","P11","Fetch12","","","Male","","false","","a017F00000boPnzQAE"
"a007F00000hZnxIQAS","ST-0140","P12","Fetch13","","","Male","","false","","a017F00000boPnzQAE"
"a007F00000hZnxJQAS","ST-0141","P13","Fetch14","","","Male","","false","","a017F00000boPnzQAE"
"a007F00000hZnxKQAS","ST-0142","P14","Fetch15","","","Male","","false","","a017F00000boPnzQAE"
"a007F00000hZnxLQAS","ST-0143","P15","Fetch16","","","Male","","false","","a017F00000boPnzQAE"
"a007F00000hZnxMQAS","ST-0144","P16","Fetch17","","","Male","","false","","a017F00000boPnzQAE"
"a007F00000hZnxNQAS","ST-0145","P17","Fetch18","","","Male","","false","","a017F00000boPnzQAE"
"a007F00000hZnxOQAS","ST-0146","P18","Fetch19","","","Male","","false","","a017F00000boPnzQAE"
"a007F00000hZnxPQAS","ST-0147","P19","Fetch20","","","Male","","false","","a017F00000boPnzQAE"
"a007F00000hZnxQQAS","ST-0148","P20","Fetch21","","","Male","","false","","a017F00000boPnzQAE"
"a007F00000hZnxRQAS","ST-0149","P21","Fetch22","","","Male","","false","","a017F00000boPnzQAE"
"a007F00000hZnxSQAS","ST-0150","P22","Fetch23","","","Male","","false","","a017F00000boPnzQAE"
"a007F00000hZnxTQAS","ST-0151","P23","Fetch24","","","Male","","false","","a017F00000boPnzQAE"
"a007F00000hZnxUQAS","ST-0152","P24","Fetch25","","","Male","","false","","a017F00000boPnzQAE"
"a007F00000hZnxVQAS","ST-0153","P25","Fetch26","","","Male","","false","","a017F00000boPnzQAE"
"a007F00000hZnxWQAS","ST-0154","P26","Fetch27","","","Male","","false","","a017F00000boPnzQAE"
"a007F00000hZnxXQAS","ST-0155","P27","Fetch28","","","Male","","false","","a017F00000boPnzQAE"
"a007F00000hZnxYQAS","ST-0156","P28","Fetch29","","","Male","","false","","a017F00000boPnzQAE"
"a007F00000hZnxZQAS","ST-0157","P29","Fetch30","","","Male","","false","","a017F00000boPnzQAE"
"a007F00000hZnxaQAC","ST-0158","P30","Fetch31","","","Male","","false","","a017F00000boPnzQAE"
"a007F00000hZnxbQAC","ST-0159","P31","Fetch32","","","Male","","false","","a017F00000boPnzQAE"
"a007F00000hZnxcQAC","ST-0160","P32","Fetch33","","","Male","","false","","a017F00000boPnzQAE"
"a007F00000hZnxdQAC","ST-0161","P33","Fetch34","","","Male","","false","","a017F00000boPnzQAE"
"a007F00000hZnxeQAC","ST-0162","P34","Fetch35","","","Male","","false","","a017F00000boPnzQAE"
"a007F00000hZnxfQAC","ST-0163","P35","Fetch36","","","Male","","false","","a017F00000boPnzQAE"
"a007F00000hZnxgQAC","ST-0164","P36","Fetch37","","","Male","","false","","a017F00000boPnzQAE"
"a007F00000hZnxhQAC","ST-0165","P37","Fetch38","","","Male","","false","","a017F00000boPnzQAE"
"a007F00000hZnxiQAC","ST-0166","P38","Fetch39","","","Male","","false","","a017F00000boPnzQAE"
"a007F00000hZnxjQAC","ST-0167","P39","Fetch40","","","Male","","false","","a017F00000boPnzQAE"
"a007F00000hZnxkQAC","ST-0168","P40","Fetch41","","","Male","","false","","a017F00000boPnzQAE"
"a007F00000hZnxlQAC","ST-0169","P41","Fetch42","","","Male","","false","","a017F00000boPnzQAE"
"a007F00000hZnxmQAC","ST-0170","P42","Fetch43","","","Male","","false","","a017F00000boPnzQAE"
"a007F00000hZnxnQAC","ST-0171","P43","Fetch44","","","Male","","false","","a017F00000boPnzQAE"
"a007F00000hZnxoQAC","ST-0172","P44","Fetch45","","","Male","","false","","a017F00000boPnzQAE"
"a007F00000hZnxpQAC","ST-0173","P45","Fetch46","","","Male","","false","","a017F00000boPnzQAE"
"a007F00000hZnxqQAC","ST-0174","P46","Fetch47","","","Male","","false","","a017F00000boPnzQAE"
"a007F00000hZnxrQAC","ST-0175","P47","Fetch48","","","Male","","false","","a017F00000boPnzQAE"
"a007F00000hZnxsQAC","ST-0176","P48","Fetch49","","","Male","","false","","a017F00000boPnzQAE"
"a007F00000hZnxtQAC","ST-0177","P49","Fetch50","","","Male","","false","","a017F00000boPnzQAE"
"a007F00000hZnxuQAC","ST-0178","P50","Fetch51","","","Male","","false","","a017F00000boPnzQAE"
"a007F00000hZnxvQAC","ST-0179","P51","Fetch52","","","Male","","false","","a017F00000boPnzQAE"
"a007F00000hZnxwQAC","ST-0180","P52","Fetch53","","","Male","","false","","a017F00000boPnzQAE"
"a007F00000hZnxxQAC","ST-0181","P53","Fetch54","","","Male","","false","","a017F00000boPnzQAE"
"a007F00000hZnxyQAC","ST-0182","P54","Fetch55","","","Male","","false","","a017F00000boPnzQAE"
"a007F00000hZnxzQAC","ST-0183","P55","Fetch56","","","Male","","false","","a017F00000boPnzQAE"
"a007F00000hZny0QAC","ST-0184","P56","Fetch57","","","Male","","false","","a017F00000boPnzQAE"
"a007F00000hZny1QAC","ST-0185","P57","Fetch58","","","Male","","false","","a017F00000boPnzQAE"
"a007F00000hZny2QAC","ST-0186","P58","Fetch59","","","Male","","false","","a017F00000boPnzQAE"
"a007F00000hZny3QAC","ST-0187","P59","Fetch60","","","Male","","false","","a017F00000boPnzQAE"
"a007F00000hZny4QAC","ST-0188","P60","Fetch61","","","Male","","false","","a017F00000boPnzQAE"
"a007F00000hZny5QAC","ST-0189","P61","Fetch62","","","Male","","false","","a017F00000boPnzQAE"
"a007F00000hZny6QAC","ST-0190","P62","Fetch63","","","Male","","false","","a017F00000boPnzQAE"
"a007F00000hZny7QAC","ST-0191","P63","Fetch64","","","Male","","false","","a017F00000boPnzQAE"
"a007F00000hZny8QAC","ST-0192","P64","Fetch65","","","Male","","false","","a017F00000boPnzQAE"
"a007F00000hZny9QAC","ST-0193","P65","Fetch66","","","Male","","false","","a017F00000boPnzQAE"
"a007F00000hZnyAQAS","ST-0194","P66","Fetch67","","","Male","","false","","a017F00000boPnzQAE"
"a007F00000hZnyBQAS","ST-0195","P67","Fetch68","","","Male","","false","","a017F00000boPnzQAE"
"a007F00000hZnyCQAS","ST-0196","P68","Fetch69","","","Male","","false","","a017F00000boPnzQAE"
"a007F00000hZnyDQAS","ST-0197","P69","Fetch70","","","Male","","false","","a017F00000boPnzQAE"
"a007F00000hZnyEQAS","ST-0198","P70","Fetch71","","","Male","","false","","a017F00000boPnzQAE"
"a007F00000hZnyFQAS","ST-0199","P71","Fetch72","","","Male","","false","","a017F00000boPnzQAE"
"a007F00000hZnyGQAS","ST-0200","P72","Fetch73","","","Male","","false","","a017F00000boPnzQAE"
"a007F00000hZnyHQAS","ST-0201","P73","Fetch74","","","Male","","false","","a017F00000boPnzQAE"
"a007F00000hZnyIQAS","ST-0202","P74","Fetch75","","","Male","","false","","a017F00000boPnzQAE"
"a007F00000hZnyJQAS","ST-0203","P75","Fetch76","","","Male","","false","","a017F00000boPnzQAE"
"a007F00000hZnyKQAS","ST-0204","P76","Fetch77","","","Male","","false","","a017F00000boPnzQAE"
"a007F00000hZnyLQAS","ST-0205","P77","Fetch78","","","Male","","false","","a017F00000boPnzQAE"
"a007F00000hZnyMQAS","ST-0206","P78","Fetch79","","","Male","","false","","a017F00000boPnzQAE"
"a007F00000hZnyNQAS","ST-0207","P79","Fetch80","","","Male","","false","","a017F00000boPnzQAE"
"a007F00000hZnyOQAS","ST-0208","P80","Fetch81","","","Male","","false","","a017F00000boPnzQAE"
"a007F00000hZnyPQAS","ST-0209","P81","Fetch82","","","Male","","false","","a017F00000boPnzQAE"
"a007F00000hZnyQQAS","ST-0210","P82","Fetch83","","","Male","","false","","a017F00000boPnzQAE"
"a007F00000hZnyRQAS","ST-0211","P83","Fetch84","","","Male","","false","","a017F00000boPnzQAE"
"a007F00000hZnySQAS","ST-0212","P84","Fetch85","","","Male","","false","","a017F00000boPnzQAE"
"a007F00000hZnyTQAS","ST-0213","P85","Fetch86","","","Male","","false","","a017F00000boPnzQAE"
"a007F00000hZnyUQAS","ST-0214","P86","Fetch87","","","Male","","false","","a017F00000boPnzQAE"
"a007F00000hZnyVQAS","ST-0215","P87","Fetch88","","","Male","","false","","a017F00000boPnzQAE"
"a007F00000hZnyWQAS","ST-0216","P88","Fetch89","","","Male","","false","","a017F00000boPnzQAE"
"a007F00000hZnyXQAS","ST-0217","P89","Fetch90","","","Male","","false","","a017F00000boPnzQAE"
"a007F00000hZnyYQAS","ST-0218","P90","Fetch91","","","Male","","false","","a017F00000boPnzQAE"
"a007F00000hZnyZQAS","ST-0219","P91","Fetch92","","","Male","","false","","a017F00000boPnzQAE"
"a007F00000hZnyaQAC","ST-0220","P92","Fetch93","","","Male","","false","","a017F00000boPnzQAE"
"a007F00000hZnybQAC","ST-0221","P93","Fetch94","","","Male","","false","","a017F00000boPnzQAE"
"a007F00000hZnycQAC","ST-0222","P94","Fetch95","","","Male","","false","","a017F00000boPnzQAE"
"a007F00000hZnydQAC","ST-0223","P95","Fetch96","","","Male","","false","","a017F00000boPnzQAE"
"a007F00000hZnyeQAC","ST-0224","P96","Fetch97","","","Male","","false","","a017F00000boPnzQAE"
"a007F00000hZnyfQAC","ST-0225","P97","Fetch98","","","Male","","false","","a017F00000boPnzQAE"
"a007F00000hZnygQAC","ST-0226","P98","Fetch99","","","Male","","false","","a017F00000boPnzQAE"
